EDC3_gas_a (yr),CO2 (ppmv),Temp Age,Temp,gas_age,ch4_mean,Irish year,Irish temp
137,280.4,38.37379,0.88,13,907,2022,10.9
268,274.9,46.81203,1.84,126,784,2021,10.5
279,277.9,55.05624,3.04,130,762,2020,10.4
395,279.1,64.41511,0.35,151,710,2019,10.5
404,281.9,73.15077,-0.42,184,727,2018,10.3
485,277.7,81.93244,0.05,202,696,2017,10.5
559,281.1,90.75925,0.05,207,683,2016,10.3
672,282.2,99.97031,-0.52,258,679,2015,9.9
754,280.1,109.88879,0.79,297,676,2014,10.5
877,278.4,119.25888,-0.55,345,651,2013,10
950,276.6,129.40378,-1.11,382,684,2012,10
1060,279.1,139.93889,0.38,403,681,2011,10.3
1153,277.7,150.10205,-0.4,459,670,2010,9.1
1233,278.7,160.58005,1.05,478,644,2009,10.1
1350,277.4,171.01834,0.28,533,670,2008,10.1
1453,279.2,181.44466,-0.72,539,668,2007,10.8
1552,280,191.48283,-1.23,554,680,2006,10.7
1638,278.9,201.87233,0.51,668,667,2005,10.6
1733,278.7,212.18626,-2.44,678,669,2004,10.4
1812,278,223.16292,0.42,736,680,2003,10.5
1931,276.9,233.73909,0.84,742,643,2002,10.4
2057,276.7,244.64073,0.71,861,664,2001,9.9
2128,276.7,255.49973,-0.02,869,647,2000,10
2212,277.6,266.61209,-0.14,897,648,1999,10.4
2334,277.9,277.77097,-1.41,939,640,1998,10.4
2433,273.9,289.25006,-0.34,946,636,1997,10.6
2536,278.9,301.04303,0.16,1037,635,1996,9.5
2604,275.3,312.44177,-1.22,1092,633,1995,10.4
2728,274.7,323.85452,-0.41,1132,644,1994,9.8
2806,276.3,335.57825,-0.59,1217,643,1993,9.6
2902,274.6,346.88129,0.03,1225,629,1992,9.8
3053,276.3,358.50821,-0.67,1248,635,1991,9.8
3116,273.1,370.90112,-0.9,1338,635,1990,10.3
3215,274,382.87436,-1.53,1349,650,1989,10.2
3336,275,395.18558,-0.47,1431,631,1988,9.8
3453,273.4,407.46558,-0.12,1443,638,1987,9.4
3523,273,418.75491,0.21,1527,632,1986,8.8
3622,271.5,430.39774,-1.73,1551,630,1985,9.2
3721,275.4,442.40918,0.16,1620,610,1984,9.7
3790,274.9,454.09915,0.14,1629,623,1983,10.1
3910,271.7,466.12518,-0.56,1677,623,1982,9.7
4004,271.6,478.21433,-0.8,1717,615,1981,9.6
4096,272.8,490.39719,0.42,1726,623,1980,9.5
4161,271.5,503.05731,-2.36,1774,618,1979,8.8
4324,271.1,515.651,-0.85,1793,613,1978,9.6
4374,269.1,528.76422,-0.36,1907,613,1977,9.5
4480,269.8,541.60858,1.26,1951,605,1976,9.8
4573,271.5,554.93121,0.7,1995,599,1975,10
4703,270.7,567.75421,-0.77,2045,604,1974,9.4
4766,269.3,580.59985,1.4,2104,591,1973,9.8
4874,268.6,593.51135,-0.87,2115,594,1972,9.1
5004,269.8,606.47388,-0.81,2119,609,1971,10.1
5094,267.6,619.46606,1.46,2208,602,1970,9.6
5160,265.3,632.04871,0.98,2275,597,1969,9.3
5274,265.2,644.98712,0.27,2309,595,1968,9.5
5370,267.6,658.25757,-0.96,2321,594,1967,9.5
5476,265.9,672.12836,-0.61,2325,597,1966,9.7
5562,265.5,686.65106,-0.63,2389,593,1965,9.2
5657,260.7,700.67932,-0.49,2414,604,1964,9.8
5716,266.7,715.02704,-0.96,2424,592,1963,8.9
5855,265.5,729.27771,-1.44,2482,579,1962,9.1
5998,263.2,744.23865,-0.91,2515,603,1961,9.9
6039,262.7,758.74341,-0.1,2519,590,1960,9.7
6131,261.2,772.40747,-0.16,2602,592,1959,10.4
6263,261.1,785.83618,0.32,2624,586,1958,9.7
6354,259.4,798.90051,0.03,2717,590,1957,10.1
6434,262.1,812.30737,0.56,2720,580,1956,9.5
6545,262.9,824.81067,0.94,2724,588,1955,9.7
6617,258.1,837.10004,1.17,2735,583,1954,9.5
6713,257.6,849.37903,1.5,2793,580,1953,10.1
6838,262.3,861.96991,-1.03,2800,578,1952,9.4
6941,263,875.36835,0.59,2857,577,1951,9.3
7028,260.7,889.09241,-1.41,2877,577,1950,9.5
7112,258.4,903.1662,0.92,2998,581,1949,10.6
7234,260.1,917.33173,-1.03,3026,573,1948,10.1
7320,260.4,931.97516,-0.67,3107,576,1947,9.6
7413,259.7,946.98193,-0.55,3139,589,1946,9.7
7507,259.2,961.22705,-0.75,3210,568,1945,10.7
7590,260.8,975.76489,0.38,3308,581,1944,10
7691,259.6,990.15808,-0.4,3360,589,1943,10.2
7781,259.3,1004.54004,-0.44,3433,573,1942,9.7
7876,258.3,1018.7851,-0.95,3506,570,1941,9.4
7990,261.3,1032.38147,0.14,3517,560,1940,9.7
8050,260.7,1046.66455,0.99,3572,575,1939,9.8
8181,261.8,1060.58911,0.36,3602,596,1938,10
8281,259,1074.79602,-0.75,3614,578,1937,9.5
8387,260.9,1089.0769,-0.8,3690,578,1936,9.6
8477,260.4,1103.7052,0.72,3697,581,1935,9.6
8579,259.3,1118.15979,-0.54,3773,576,1934,10
8653,262,1132.65186,1.55,3892,574,1933,10
8784,263.7,1146.79089,-0.9,3905,578,1932,9.7
8869,263.8,1160.92249,-0.34,3965,575,1931,9.5
8973,265.2,1174.39355,0.93,3986,549,1930,9.2
9092,260.6,1188.11206,1.03,3994,568,1929,9.4
9140,260.9,1201.49829,0.88,4079,576,1928,9.6
9232,263,1215.03625,-0.54,4082,563,1927,9.4
9317,263.8,1229.32214,0.58,4142,570,1926,9.8
9536,264.4,1243.60388,0.37,4173,582,1925,9.1
9597,264.2,1258.22241,0.27,4305,577,1924,9.4
9721,264,1272.59155,-0.16,4309,568,1923,9.2
9807,263.4,1286.97961,-0.3,4325,579,1922,9
9909,265.7,1301.70935,1.23,4357,584,1921,10.5
9983,264.9,1315.86951,0.22,4366,570,1920,9.5
10088,267.5,1330.4541,0.89,4440,570,1919,8.7
10209,266.9,1344.70923,-0.17,4461,568,1918,9.5
10294,266,1358.6217,1.55,4471,582,1917,8.8
10417,265.1,1372.61572,0.89,4474,562,1916,9.3
10527,267.6,1386.61511,-0.17,4496,580,1915,9
10621,264.8,1400.62073,-0.02,4551,560,1914,9.6
10744,264.8,1415.92065,-0.48,4589,580,1913,9.4
10805,265,1431.90051,-0.7,4625,560,1912,9.2
10827,265.3,1447.89026,-0.45,4683,563,1911,9.6
10895,264.4,1463.26855,1.04,4701,560,1910,9.2
10933,264.1,1478.73511,-0.93,4740,570,1909,8.9
11014,264.2,1494.21582,-0.32,4755,563,1908,9.7
11087,264.5,1509.67847,-0.54,4823,579,1907,9
11136,264,1525.08606,-0.27,4849,570,1906,9.3
11201,263,1540.51196,0.9,4864,573,1905,9.3
11236,265.2,1556.33752,-0.92,4868,568,1904,9.1
11278,258.8,1571.98694,0.04,5002,561,1903,9.1
11338,260.8,1588.01611,0.24,5068,563,1902,9.2
11392,255.4,1604.08252,-1.15,5112,551,1901,9.1
11436,253.9,1620.57983,-0.84,5149,553,1900,9.3
11469,253.8,1637.10657,0.73,5156,558,,
11580,250.7,1654.01477,-1.24,5221,574,,
11635,249.7,1670.17859,0.42,5270,561,,
11676,251.1,1686.01746,0.35,5272,564,,
11727,250.7,1702.25342,-0.81,5337,577,,
11819,245.3,1719.76782,-0.56,5364,565,,
11896,245.3,1736.97498,-0.11,5418,570,,
11958,246.6,1754.16895,0.1,5458,566,,
12050,243.2,1770.60083,0.55,5474,580,,
12122,240.3,1787.40186,-1.41,5526,581,,
12371,237.5,1804.23096,0.25,5550,563,,
12496,237.6,1821.97449,-1.04,5557,568,,
12642,234.2,1839.34473,-0.99,5598,591,,
12760,238.3,1856.49829,0.35,5643,571,,
12942,237.3,1872.56653,-1.06,5651,578,,
13090,237.9,1888.98816,1.79,5653,570,,
13241,237.6,1905.45862,0,5657,581,,
13440,236.4,1922.0116,0.01,5684,584,,
13542,239.2,1938.20874,-0.38,5712,586,,
13653,238.6,1955.51404,0.18,5834,575,,
13804,238.6,1972.75623,-0.3,5870,570,,
13948,239.1,1990.00256,-0.73,5915,584,,
14303,228.5,2007.35229,-1.08,5989,564,,
14550,228.4,2025.23914,-0.02,5993,602,,
14725,226.1,2043.51099,-0.92,6022,592,,
14890,225.2,2060.98633,1.62,6029,597,,
15012,224.5,2078.09888,-0.7,6033,581,,
15233,222,2095.21533,-0.74,6058,597,,
15438,221,2112.52783,0.44,6116,590,,
15570,220.9,2129.74927,-0.64,6252,590,,
15742,219.4,2147.34131,-0.34,6257,577,,
15886,214,2165.32129,-1.02,6264,583,,
16073,207.5,2183.99536,-0.48,6304,592,,
16260,207.7,2202.29272,-0.46,6341,577,,
16452,202.9,2219.3938,,6346,580,,
16659,200.8,2236.5647,0.86,6350,581,,
16870,195.2,2253.38916,0.3,6385,587,,
17111,193.9,2270.87402,-0.35,6404,588,,
17375,191,2288.77588,0.17,6453,617,,
17565,188.5,2306.32422,-2.05,6503,602,,
17809,188.5,2326.60645,-1.41,6542,602,,
17943,189.2,2346.90186,-0.63,6598,599,,
18285,187,2366.62476,-0.83,6607,601,,
18541,188.6,2385.38379,-0.94,6610,595,,
18828,189.4,2404.53833,-1.97,6637,607,,
18868,192.3,2423.7998,-0.78,6691,604,,
18921,188.3,2443.08032,0,6708,636,,
19347,188.7,2462.51489,-0.65,6709,603,,
19509,188.8,2480.89111,-0.63,6738,608,,
19748,190,2499.64697,0.16,6817,605,,
19988,188,2517.80176,-0.45,6901,633,,
20168,188.2,2535.12402,0.92,6924,607,,
20197,195,2552.80396,-0.11,6961,614,,
20502,187.8,2570.83887,0.51,7016,631,,
20748,186.9,2589.01855,-0.77,7020,610,,
21011,186.5,2607.20264,0.37,7105,612,,
21257,184.7,2624.53931,0.85,7106,607,,
21507,186.1,2641.80493,0.09,7127,623,,
21854,185.7,2659.10327,-0.19,7209,618,,
22015,184.4,2678.04224,-0.56,7253,618,,
22827,189.2,2696.61401,-0.2,7289,602,,
25994,191.6,2714.85034,-0.88,7310,623,,
29063,188.5,2732.7207,1.29,7405,612,,
30020,191.7,2750.24463,0.89,7408,602,,
35009,205.3,2767.45288,0.81,7430,617,,
37471,209.1,2784.27979,0.91,7496,625,,
43500,209.1,2801.44702,0.01,7498,610,,
47336,189.3,2818.38721,1.32,7523,617,,
48854,188.4,2835.10181,1.12,7544,617,,
49690,210.1,2851.81982,1.12,7573,623,,
50663,215.7,2869.81689,0.04,7616,620,,
52382,190.4,2888.01172,-0.64,7660,619,,
57088,221.7,2906.21045,-1,7670,623,,
57657,210.4,2924.22363,0.57,7688,620,,
62859,195.3,2942.89673,0.29,7704,623,,
64939,191.4,2961.21436,-0.34,7723,618,,
65939,194.9,2980.44849,-0.91,7762,620,,
71049,227.3,2999.6936,-0.01,7769,611,,
73227,229.1,3018.71484,-0.51,7778,612,,
77150,217.1,3037.35205,0.1,7823,614,,
78183,221.7,3055.99341,0.15,7841,620,,
80614,230.9,3074.13501,-0.03,7857,598,,
82417,241.1,3092.03613,0.63,7871,600,,
83333,236.4,3110.29199,,7874,612,,
84016,228,3128.5083,1.27,7892,589,,
85020,214.2,3146.72217,-1.46,7913,613,,
86181,217,3165.27637,-0.91,7957,624,,
87917,208,3185.7229,-1.3,7985,660,,
90357,224.2,3206.56641,0.62,8012,632,,
91249,228.3,3226.7688,-0.82,8039,606,,
94353,232,3246.86279,-1.76,8053,626,,
99849,225.8,3267.21094,0.47,8066,633,,
100837,230.8,3286.70679,-0.74,8068,624,,
101749,236.9,3306.5813,-1.05,8089,651,,
103465,228.1,3325.90356,0.7,8108,640,,
104704,236.9,3345.50293,-0.71,8155,642,,
105636,230.6,3365.14771,-1.44,8171,641,,
107579,238.2,3385.10962,-0.01,8202,660,,
108153,245.6,3405.45874,-0.28,8269,647,,
109804,251.2,3425.45044,-0.44,8273,649,,
111862,256.7,3445.16016,-0.18,8331,665,,
113262,266.3,3464.87329,-0.02,8371,648,,
114096,261.4,3483.79248,0.46,8378,660,,
114601,274.5,3503.07251,-1.04,8435,654,,
115118,273.2,3522.05103,1.35,8452,654,,
116501,262.5,3540.56226,0.15,8523,662,,
117750,267.6,3559.07617,-0.29,8549,657,,
118649,273.7,3578.32837,0.16,8644,671,,
119672,271.9,3598.29468,-0.67,8648,659,,
120382,265.2,3617.72217,0.92,8708,675,,
121017,277.6,3635.78711,0.77,8764,676,,
122344,272.1,3653.85449,0.17,8771,658,,
123070,276.4,3672.00122,0.62,8832,674,,
124213,268.7,3690.64551,1.03,8842,657,,
124257,266.6,3708.94678,-1.02,8906,648,,
124789,266.3,3727.1001,1.36,8961,671,,
125081,279.7,3745.50146,1.26,9020,664,,
125262,273,3763.56421,-1.57,9081,671,,
125434,277.1,3782.9856,1.07,9085,665,,
126347,273.7,3802.25,0.08,9134,664,,
126598,267.1,3821.60449,0.26,9135,665,,
126886,262.5,3841.62109,-0.7,9149,666,,
127132,262.6,3861.26953,-0.92,9207,663,,
127622,275.3,3880.94751,0.72,9281,675,,
127907,275.6,3900.47876,-0.12,9305,671,,
128344,274,3919.72363,-0.52,9312,674,,
128372,287.1,3939.896,-0.19,9391,676,,
128609,286.8,3960.07056,-0.41,9460,675,,
128866,282.6,3979.64185,0.4,9510,682,,
129146,264.1,3999.41675,-0.56,9533,685,,
129340,263.4,4019.15869,-0.59,9587,689,,
129652,257.9,4037.8606,0.78,9592,683,,
129736,259,4056.91699,0.81,9640,693,,
131329,245,4076.0918,-1.16,9700,676,,
131455,240.4,4095.42676,0.89,9719,674,,
131728,228.9,4114.76318,0.82,9794,670,,
132492,223.5,4134.00732,-0.59,9801,682,,
133069,223.9,4153.67773,-0.42,9835,675,,
133105,220.3,4173.31543,0.06,9882,685,,
133427,210.6,4192.83838,0.5,9962,678,,
134123,208.9,4212.36182,-1.57,10036,717,,
134287,203.7,4231.44238,0.67,10098,698,,
134960,204.5,4250.30615,1.31,10192,694,,
135114,200.4,4269.17041,-0.2,10204,678,,
135207,198,4288.05469,1.36,10253,682,,
135603,198,4306.93359,-0.48,10274,688,,
135883,201.7,4326.36182,-1.03,10394,672,,
136011,200.7,4346.73633,0,10409,661,,
136251,202.4,4367.11133,0.29,10478,669,,
136567,195.8,4386.60889,0.04,10518,652,,
136655,201.1,4406.00635,-0.32,10604,671,,
137293,194.3,4425.51172,-0.9,10612,666,,
137633,193.4,4445.25098,0.35,10659,685,,
137982,194.2,4464.99072,1.33,10707,681,,
138185,190.2,4483.77734,-0.39,10812,694,,
139275,192.3,4502.65186,0.78,10818,673,,
139617,196.5,4521.39404,-0.7,10872,679,,
140899,195.6,4541.82617,-0.4,10925,703,,
140960,196.4,4562.2583,-0.8,11066,650,,
142058,190.4,4582.21631,0.01,11078,633,,
145363,196.9,4601.92871,0.16,11124,653,,
148831,203,4621.9917,0.27,11130,654,,
149803,191.9,4641.60693,-0.56,11216,665,,
149921,188.9,4661.22119,-0.01,11325,643,,
151423,200.6,4680.94629,-0.16,11333,559,,
154480,189,4701.09961,-0.38,11410,469,,
155395,185.5,4720.87256,0.94,11610,488,,
155813,187.5,4740.53955,-0.76,11625,468,,
159562,204.3,4760.20654,-1.21,11717,477,,
159943,196.5,4780.67578,-0.28,11798,462,,
161679,191.6,4801.0752,-0.37,11808,483,,
162228,190.1,4821.48047,-1.16,11921,462,,
163024,186.7,4842.29346,-0.32,12033,480,,
163698,183.8,4862.72705,0.67,12039,467,,
164439,196.6,4882.10645,0.25,12094,479,,
167183,197.8,4901.39893,-0.16,12338,542,,
169492,197.7,4920.32568,-0.03,12477,651,,
171351,196,4939.11084,0.37,12485,627,,
172434,190.3,4958.24121,0.98,12605,643,,
173135,189.4,4977.55811,-0.5,12736,610,,
173394,190.1,4997.41162,-0.66,12747,646,,
175306,207.7,5017.63135,-0.32,12884,661,,
177139,213.2,5037.27734,-0.29,12910,662,,
178179,217.7,5056.9209,0.36,13070,670,,
179117,198.1,5077.15576,-0.95,13079,653,,
180068,199.7,5097.24316,-0.24,13255,646,,
182046,203.4,5117.65625,-0.13,13356,628,,
184685,210.7,5136.65674,0.25,13418,625,,
186697,231.3,5156.00537,0.56,13428,619,,
188436,231.4,5174.81885,0.58,13497,613,,
189076,220.3,5193.40039,0.26,13625,619,,
190352,218,5212.32373,-0.47,13637,623,,
192910,226.5,5232.35645,-0.17,13646,630,,
193481,220,5253.08057,-1.38,13771,612,,
195017,226.4,5273.03516,-0.26,13942,578,,
195673,241.2,5292.75488,0.69,13951,597,,
196179,242.6,5312.11328,-0.21,14010,569,,
198972,250.9,5331.5127,0.68,14289,465,,
199918,239.1,5350.51611,-0.26,14312,476,,
201163,247.6,5369.94189,0.03,14535,461,,
202413,244.4,5389.17773,0.54,14547,470,,
202874,231.9,5408.76025,-2.14,14555,469,,
203317,232.2,5430.22119,-1.08,14711,459,,
203837,228.6,5452.77002,-1.28,14870,470,,
204480,226.3,5474.10742,-0.06,14966,476,,
204908,229.4,5495.14404,-1.3,15203,463,,
205362,231.4,5516.06982,-2.19,15217,451,,
205952,238.1,5538.56299,-0.82,15393,452,,
206144,237.2,5560.64307,0,15545,441,,
206810,230,5579.5249,1.23,15555,456,,
207120,240.5,5597.93359,-0.26,15844,441,,
207544,242.2,5617.146,0.1,15865,438,,
208064,244.6,5636.84375,-0.75,15870,473,,
208254,243.9,5656.90234,-0.1,16060,419,,
208803,247.2,5676.67773,-0.24,16213,424,,
208995,252,5696.82275,-0.97,16243,427,,
209432,246.9,5716.83252,0.57,16430,405,,
209817,239.5,5736.2915,-0.77,16604,409,,
210154,257.4,5756.10742,1.38,16617,404,,
210813,243.4,5774.45898,-0.72,16826,408,,
211858,251.2,5793.03125,0.91,16833,381,,
212716,241.4,5811.41699,1.01,17046,395,,
213270,240.3,5830.54785,-0.98,17075,389,,
213536,242.6,5849.67529,0.29,17316,371,,
213984,247.5,5868.10498,0.57,17506,375,,
214459,251.7,5886.7168,0.32,17531,366,,
214794,251.1,5905.14307,-0.54,17543,384,,
215382,245.3,5925.8252,-0.89,17789,366,,
216352,240.5,5946.12646,-0.71,17909,377,,
218361,214.1,5967.26807,-1.54,17923,371,,
219116,216.1,5988.59326,-0.5,18256,375,,
220058,207.1,6008.73047,0.45,18490,371,,
220739,208.8,6027.92334,-0.02,18508,378,,
222030,205.6,6047.11182,-0.4,18519,371,,
224269,203.3,6066.76611,-0.8,18873,373,,
224923,215.7,6086.92725,0.06,18890,379,,
225909,235.5,6106.67334,0.49,19317,366,,
226711,234.5,6126.71484,-1.52,19451,358,,
227027,233.1,6146.75195,0.8,19479,377,,
227776,224.5,6165.99609,-0.93,19680,356,,
229423,232.4,6185.56348,-0.51,19693,351,,
230422,233.9,6205.3252,-0.71,19963,374,,
231066,241.6,6224.92188,0.03,20124,375,,
234817,245.2,6244.90576,-0.68,20466,384,,
235480,252.1,6265.25293,-1.23,20469,367,,
236114,241.4,6285.96436,0.27,20708,378,,
236734,247.4,6306.17871,-0.19,20954,365,,
237294,243.1,6325.78125,-1.3,21218,354,,
237868,239.1,6346.05469,-1.55,21470,357,,
238558,245.6,6367.22217,-0.38,21786,357,,
239013,245.8,6387.99365,-1.37,21986,355,,
239477,247.4,6409.05469,-0.76,22718,407,,
239973,252.8,6430.11035,-0.47,22895,385,,
240945,259.7,6449.43555,0.79,23130,390,,
241366,263.2,6468.30127,-0.14,23279,390,,
242007,279,6487.40918,-1.78,23472,390,,
242346,280.2,6508.77686,-1.34,23747,386,,
243071,263.7,6530.53564,0.81,23888,398,,
243429,252.3,6550.47754,-0.48,24084,375,,
243856,249.9,6569.66113,-1.27,24299,360,,
244347,236.7,6590.10791,-0.71,24516,373,,
244864,230.4,6611.98047,-2.27,24721,389,,
245441,219.4,6633.31201,-0.22,24927,372,,
247681,214.7,6654.39893,-1.5,25329,370,,
250133,200.2,6675.47266,-2,25599,365,,
251005,213.9,6695.09766,0.6,25824,355,,
251864,195.4,6714.92676,0.23,25990,364,,
252739,196.7,6734.95068,-0.28,26631,396,,
253636,195.4,6754.85059,-1.47,26918,387,,
255498,199,6775.19922,-1.31,27074,386,,
256309,201.9,6796.66455,-1.2,27336,396,,
257100,204,6817.73438,-1.07,27504,406,,
258661,203.9,6837.80859,-0.59,27680,426,,
260353,209.6,6857.56445,0.75,27896,382,,
260916,205.7,6876.75293,-0.25,28136,399,,
262092,208.9,6894.72949,0.99,28286,402,,
262930,214.6,6913.03467,-0.73,28502,414,,
264509,228.1,6933.19678,-0.8,28764,444,,
265653,199.9,6953.43799,-1.23,29091,388,,
266326,211.7,6973.75098,-0.49,29319,368,,
267442,188.7,6993.71631,-0.29,29701,391,,
268181,187.2,7013.37988,-1.44,29980,399,,
269154,194.2,7034.45752,-0.94,30148,392,,
270222,198.8,7055.52197,-0.66,30618,410,,
271256,184.7,7076.34229,-1.11,30761,408,,
272311,190.4,7096.71631,-1.16,30974,392,,
273310,193.9,7117.57666,-0.39,31198,404,,
274321,194.1,7138.54639,-1.91,31404,412,,
275350,198.4,7159.63916,-3,31756,427,,
276326,193.2,7183.03809,-1.32,31793,422,,
277361,202.2,7206.14893,-0.93,31895,441,,
278350,204.5,7227.69482,-1.82,32069,457,,
279320,211,7248.8374,-1.56,32163,471,,
280269,215.3,7270.31396,-1.43,32254,431,,
281758,223.7,7291.77637,-0.4,32370,452,,
283785,231.3,7311.01465,0.88,32415,409,,
285380,228,7329.80273,-0.81,32588,410,,
286128,226.4,7349.2124,-2.1,32645,405,,
287036,231.4,7370.96484,-1.04,32768,404,,
287538,230.4,7392.32568,-1.84,32814,415,,
288233,231,7414.37549,-1.69,32904,432,,
290153,234.9,7436.4126,-0.24,33026,424,,
290730,220.4,7457.46973,-1.53,33060,428,,
291367,217.1,7477.94238,-1.77,33148,440,,
292405,207.6,7498.46387,-0.93,33202,443,,
293057,206,7518.73486,0.03,33248,444,,
293779,206.7,7538.68262,-0.93,33480,461,,
294568,212.7,7557.28027,0.7,33688,479,,
295930,213.1,7576.21826,-0.71,33735,426,,
297921,217.1,7595.2207,0.83,33810,415,,
298741,224.4,7614.23779,-1.14,33857,419,,
299621,231,7633.49609,-1.71,34046,420,,
300472,236.1,7654.58057,-0.82,34079,430,,
301402,239,7675.59277,-0.46,34185,430,,
302280,236,7694.80908,0.43,34337,428,,
303226,240.2,7713.66211,-1.88,34531,447,,
304232,240.7,7733.28223,-1.14,34578,457,,
304901,250.2,7753.18359,0.79,34668,489,,
305655,248.6,7773.04932,0.47,34901,519,,
306547,244.8,7792.45361,-2.03,34904,520,,
307495,225.8,7812.20361,-1.04,34946,513,,
308744,227.8,7833.15186,-1.47,35061,514,,
309389,226.2,7854.24023,-1.49,35181,498,,
310168,233.2,7874.2207,-0.34,35238,492,,
311013,237.8,7893.61865,0.26,35330,427,,
311868,239,7913.12061,-0.56,35489,421,,
312676,241.9,7932.94727,-1.06,35650,444,,
313414,251.6,7952.77002,-1.24,35764,426,,
314144,256.7,7973.72852,-1.41,35841,425,,
314867,257.1,7994.78516,-1.25,35893,441,,
315572,246.8,8016.25537,-2.19,36000,440,,
316200,272.6,8037.89941,-0.87,36104,441,,
316897,251.6,8060.00879,-3.09,36308,471,,
317734,245.2,8082.52441,-1.13,36374,469,,
318559,233.4,8104.10156,-0.65,36522,494,,
319480,255.8,8124.47559,-1.4,36613,524,,
320358,249.2,8145.28857,-2.04,36937,534,,
322015,257.2,8168.22363,-2.54,36988,534,,
322767,260.4,8191.03564,-2.25,37127,587,,
323526,260.3,8213.10742,-1.31,37188,536,,
324280,260.5,8235.14648,-1.71,37200,548,,
324971,266.2,8255.94727,-0.77,37298,572,,
325720,264,8276.73535,-1.35,37367,563,,
326321,266.1,8297.71387,-1.43,37406,580,,
326972,270.1,8318.74023,-1.26,37515,560,,
327590,271.9,8339.99707,-1.24,37524,557,,
328221,275.1,8361.41699,-2.4,37559,544,,
329475,265,8383.13184,-1.69,37675,547,,
330208,271.7,8405.27148,-1.89,37751,539,,
330740,272.6,8426.94141,-1.4,37849,540,,
331438,273.1,8447.5625,-0.74,37893,481,,
331944,282.4,8468.13672,-0.7,38045,526,,
332285,289.1,8488.25391,-0.85,38237,443,,
332462,288.4,8508.36719,-2.79,38421,440,,
332919,298.6,8528.88184,-0.74,38797,455,,
333380,278.1,8549.50879,0.38,39020,441,,
333890,285.8,8569.625,-0.81,39176,450,,
334261,278.6,8589.31641,-1.54,39373,444,,
334748,270.5,8608.98145,0.02,39591,427,,
335287,255.7,8628.54395,-1.22,39754,419,,
335918,241.9,8648.09375,-1.13,39791,419,,
336725,239.6,8668.16602,-0.7,39808,411,,
337391,234.2,8688.30762,-1.6,39997,424,,
339298,250.1,8708.86133,-1.55,40031,422,,
340456,200.7,8729.69824,-0.84,40052,414,,
341802,205.2,8750.14453,-1.29,40162,442,,
343282,204.8,8769.94727,-0.44,40211,448,,
344446,211.9,8789.86426,-2,40219,440,,
345980,220.3,8811.45508,-1.62,40294,450,,
348298,221.1,8833.03223,-0.93,40371,429,,
349688,216.2,8852.47656,-0.19,40425,420,,
350925,209.4,8871.72363,-0.9,40636,413,,
352275,209.2,8891.24512,-0.86,40649,419,,
355302,193,8910.98535,-0.86,40804,426,,
356898,186.1,8930.55859,-1.13,40848,447,,
358712,185.8,8949.62988,0.05,40860,422,,
360957,201.2,8968.69824,-0.1,40951,433,,
363385,206.3,8988.20996,-1.49,41058,420,,
366235,201.9,9007.7959,-0.67,41069,434,,
367856,199.9,9027.30762,-0.94,41110,433,,
369446,214.7,9046.75586,-0.59,41166,442,,
371090,224.6,9066.20117,-1.09,41223,457,,
372646,229.6,9085.62891,-0.49,41257,465,,
376568,227,9105.04492,-0.49,41265,462,,
378096,240,9126.03223,-2.56,41351,465,,
379696,239.1,9147.31738,-1.9,41370,465,,
381132,246.8,9167.60547,-0.06,41461,467,,
382670,245.8,9187.44238,-1.42,41687,458,,
384534,258.1,9206.50879,0.11,41927,414,,
385398,264.6,9224.43359,0.54,42051,429,,
386144,259.2,9242.35645,-0.51,42163,416,,
388062,255.2,9261.82617,-0.99,42296,415,,
389946,250.1,9281.49414,-1.57,42496,456,,
391896,266.3,9300.67285,-0.04,42679,446,,
392544,259.5,9319.49219,-0.28,42839,471,,
393579,273.6,9338.2959,-0.45,42884,470,,
394560,260.7,9357.02734,-0.57,43036,486,,
398086,276.3,9375.74414,-0.14,43119,482,,
399722,277.1,9393.95703,-0.33,43345,463,,
400504,283.2,9412,0.24,43437,437,,
402000,283.1,9429.85156,,43590,415,,
402731,275.7,9447.16602,0.48,43863,411,,
404181,276.5,9464.46777,-0.48,44162,431,,
404927,280.5,9483.60059,-2.02,44403,427,,
406368,279.6,9503.57812,-0.33,44675,469,,
407093,285.6,9523.06836,-1.11,44989,462,,
408600,284.5,9541.80664,0.04,45234,490,,
409383,275.2,9560.53027,-0.75,45414,467,,
409383,274.2,9578.31836,0.79,45698,487,,
410206,282.6,9596.10449,-0.1,45877,499,,
411071,283.5,9614.36035,-1.16,46214,497,,
412962,274.9,9633.125,-0.08,46339,514,,
413948,264.9,9651.76953,-0.38,46549,499,,
414963,271.6,9669.01953,1.11,46745,493,,
415717,276.4,9686.26855,-0.04,46988,440,,
416193,271.7,9703.60352,0.01,47188,432,,
417191,273.4,9721.02539,0.45,47221,441,,
417698,271.8,9738.43359,-0.07,47471,425,,
418245,274.6,9755.05371,1.33,47668,437,,
419260,273.7,9771.61035,0.62,47952,453,,
419808,271.2,9788.9502,-2.4,48173,414,,
420350,273.8,9808.65137,-0.13,48678,435,,
421484,268.6,9828.33984,-0.2,48939,461,,
422074,266.4,9847.20898,-1.57,49257,464,,
422649,270.6,9866.01172,0.68,49488,434,,
423764,267.7,9884.24121,-0.61,49716,452,,
424332,268.3,9901.97559,0.15,49890,492,,
424840,270.8,9919.73633,-0.65,50192,470,,
425242,270,9938.54395,-0.97,50441,489,,
425569,265.4,9957.35059,0.35,50622,493,,
425975,255.3,9975.7627,-0.36,50921,510,,
426598,252.1,9993.95703,-0.75,51144,515,,
427285,248.2,10011.9775,0.26,51427,544,,
427566,242.5,10029.3438,0.32,51621,517,,
429006,219.7,10046.71,-0.2,51883,531,,
429876,227.2,10064.6074,0.29,52120,527,,
431063,211.5,10082.8076,-1.18,52349,567,,
431445,207.6,10100.7148,0.02,52532,543,,
432599,209.8,10117.3848,1.39,52814,529,,
433674,207.5,10134.0547,0.43,52989,530,,
434804,200.3,10151.3037,-0.02,53199,535,,
435989,201.7,10169.0801,-0.47,53432,513,,
437152,201.3,10186.8447,0.38,53689,438,,
438356,202,10204.6504,-0.2,53872,438,,
439565,199.1,10222.457,-1.08,54100,437,,
441220,201.1,10240.6914,-1.38,54403,462,,
442411,203.5,10259.3174,0.61,54831,476,,
443562,208.1,10277.8193,-0.07,55085,514,,
444650,201.7,10295.4287,-0.15,55288,461,,
445829,201.2,10313.0391,0.12,55592,466,,
446984,204.9,10331.2852,-1.76,55796,534,,
448103,201.9,10349.9658,0.26,55807,483,,
449244,198.4,10368.6934,-1.27,56316,546,,
450455,193.3,10387.6484,-0.47,56592,550,,
451593,192.5,10406.6045,-0.71,56790,543,,
452283,199.1,10425.666,-1.53,56843,554,,
452795,204.3,10444.7451,0.31,57256,542,,
453514,203.3,10462.4648,0.53,57536,515,,
454023,208.3,10478.709,1.16,57721,520,,
455279,202.4,10494.9551,0.41,57993,561,,
456591,195.5,10511.0078,-0.02,58158,554,,
458049,190.7,10527.0107,2.12,58391,502,,
459430,194.4,10543.0801,-1.23,58610,523,,
460792,199.9,10561.7129,-0.12,58880,454,,
461687,205.2,10580.3486,-0.55,59054,442,,
462133,210,10599.0938,-0.88,59366,435,,
463456,208.1,10617.9082,-0.64,59590,425,,
464866,204.4,10636.5059,-0.51,59865,443,,
466265,203.4,10654.5195,-0.27,60049,426,,
467602,205.5,10672.5352,0.86,60341,430,,
468323,206.5,10690.502,-0.77,60548,425,,
468810,215.5,10708.46,-0.84,60812,412,,
469470,218.7,10726.8691,-1.01,60848,437,,
469941,229.2,10746.2324,-1.08,61051,432,,
470597,232.7,10765.5918,-0.96,61647,431,,
471046,243.7,10784.1104,-0.35,61957,439,,
471763,243.9,10802.6348,-0.22,62202,430,,
472095,245.6,10820.6396,0.25,62556,444,,
473102,241.2,10838.3174,-0.51,62819,444,,
474162,233.1,10856.1475,-1.36,63203,468,,
475218,232.8,10875.415,-0.8,63432,484,,
476240,236.6,10894.6758,-0.33,63767,489,,
477162,239.1,10912.8857,0.28,64017,434,,
477719,236.5,10930.7822,-0.96,64350,440,,
478124,231.3,10949.2148,-1.81,64654,462,,
478721,220.8,10968.9082,-0.66,64984,461,,
479144,218.8,10988.5869,-0.12,65259,457,,
480108,223.8,11006.1572,-0.27,65615,476,,
481035,223.4,11023.7334,0.3,65926,444,,
481932,227.3,11041.708,-0.08,66255,461,,
482803,231.4,11060.0918,-1.45,66489,449,,
483649,231.4,11078.5186,-1.14,66818,459,,
484465,231.2,11097.5898,-0.47,67076,453,,
485276,233,11116.6689,-1.41,67432,471,,
486043,232.9,11136.4746,-1.62,67732,480,,
486816,231.3,11156.5488,-0.93,68036,451,,
487541,237.1,11175.1875,0.37,68279,456,,
488268,242,11192.2822,0.53,68684,474,,
488689,240.9,11209.3838,0.18,68976,460,,
488996,252.8,11227.6016,-0.29,69360,462,,
489475,249.3,11245.9404,-2.15,69586,450,,
489722,242.6,11264.5518,-0.61,69933,490,,
490445,243.3,11283.459,-0.32,70171,473,,
491191,246.7,11302.1328,-0.95,70445,470,,
491959,243.7,11318.9443,1.29,70633,475,,
492738,239.7,11335.752,1.11,70866,482,,
493507,239.1,11353.6064,-1.77,71098,449,,
494311,238.3,11372.5303,-0.78,71353,431,,
495085,238.5,11391.5273,-1.59,71611,432,,
495853,237.6,11410.9902,-0.77,71891,432,,
496608,236.4,11430.4473,-0.37,72209,457,,
497366,236.5,11448.0908,0.42,72529,453,,
498104,232.8,11465.3408,0.14,72854,448,,
498865,230.6,11482.4912,0.79,73125,452,,
499610,230.8,11499.3379,0.28,73433,451,,
500363,228.2,11516.1816,-0.73,73685,461,,
501130,230.8,11534.6416,-1.33,73916,469,,
501866,231.2,11554.0088,-0.92,74157,467,,
502625,232,11573.4229,-1.16,74391,477,,
503375,232.2,11592.9346,-1.15,74631,461,,
504083,234.1,11612.4434,-0.19,74885,416,,
504777,233.9,11630.7852,-1.05,75139,415,,
505516,235.5,11649.1289,0.01,75425,424,,
506287,236,11667.3623,-1.06,75712,438,,
507011,238.2,11685.5176,0.07,75972,422,,
507714,237,11703.75,-1.29,76241,466,,
508476,240.3,11722.7441,-0.5,76529,442,,
509247,233.4,11741.7461,-0.88,76796,442,,
510008,236.4,11760.4072,0.07,77056,472,,
510765,235.2,11778.9531,-1.3,77317,475,,
511515,242,11798.4639,-2.48,77594,450,,
512269,238.2,11819.9482,-1.85,77885,463,,
512997,239.2,11841.3965,-2.09,78150,477,,
513724,241.5,11862.6777,-1.86,78366,487,,
514429,243,11883.957,-2.11,78646,497,,
515113,247.2,11905.2725,-1.84,78911,512,,
515771,246.2,11926.5986,-2.78,79147,515,,
516417,245.5,11949.4121,-2.64,79398,515,,
517069,245.3,11972.2861,-1.69,79626,536,,
517706,247.7,11993.3936,-1.99,79874,563,,
518334,245.5,12014.4326,-1.96,80104,535,,
518965,243.5,12036.7266,-3.02,80322,550,,
520892,241.9,12059.3008,-2.57,80570,549,,
521552,236.8,12082.4902,-2.91,80802,548,,
522216,235.8,12105.833,-4.44,81076,584,,
522923,233.7,12130.8604,-3.03,81284,576,,
523666,230.3,12156.1396,-2.97,81524,595,,
524409,227.8,12180.584,-3.81,81741,571,,
525164,224.7,12204.7021,-2.63,81983,606,,
525908,222.7,12227.249,-2.12,82212,617,,
526661,221.2,12249.9336,-3.61,82418,616,,
527454,220.3,12273.4033,-2.23,82640,622,,
528262,220.7,12297.4521,-4.23,82866,629,,
528747,214.5,12323.7012,-4.4,83067,631,,
529101,211.4,12349.8477,-3.49,83277,560,,
529640,204.4,12375.8887,-4.91,83511,515,,
530016,200,12401.6885,-3.17,83739,485,,
530685,195.1,12427.3848,-2.76,83972,465,,
531035,193.8,12452.1934,-4.1,84225,464,,
531662,190.5,12477.0107,-4.14,84461,445,,
532119,199.8,12503.2119,-3.86,84701,450,,
533246,199.4,12530.3105,-5.5,84949,443,,
534364,205,12559.377,-4.91,85205,452,,
535483,206.4,12588.3926,-5.17,85441,454,,
536622,212.9,12617.3242,-4.65,85766,429,,
537770,211.2,12645.7383,-5.15,85946,425,,
538959,205,12673.4316,-3.88,86208,468,,
540154,203.6,12700.4229,-4.35,86472,429,,
541345,208.1,12727.2959,-4.19,86726,448,,
542502,210.3,12754.4102,-5.28,87004,446,,
543676,209.6,12784.1279,-5.53,87340,480,,
544804,209.7,12812.8379,-4.1,87614,507,,
545956,204.6,12840.6387,-4.74,87901,502,,
547013,202.5,12867.3994,-3.56,88201,508,,
547573,208.8,12894.1436,-4.41,88509,501,,
547972,213.6,12921.5732,-4.82,88778,494,,
548933,215.2,12949.6152,-5.04,89061,494,,
549830,219.9,12978.3389,-4.58,89322,476,,
550637,221.7,13005.3965,-3.85,89581,463,,
551124,222.3,13032.168,-4.05,90114,445,,
551452,226.3,13058.9648,-4.61,90400,447,,
551979,222.1,13086.6318,-5.17,90694,461,,
552250,220.3,13115.4902,-4.7,90962,437,,
552961,223.6,13143.252,-4.27,91238,432,,
553626,224.3,13170.4932,-3.47,91552,448,,
554254,226.7,13195.9873,-3.94,91797,447,,
554831,233.9,13221.9482,-4.6,92063,437,,
555345,241,13248.8369,-3.6,92346,437,,
555637,243,13274.8125,-3.57,92612,442,,
555839,249.1,13300.1768,-4.12,92892,439,,
556143,244,13326.6846,-4.28,93431,436,,
556364,250.5,13353.667,-5.31,93683,442,,
556724,245.6,13383.1836,-5.06,93941,434,,
556889,240.4,13412.043,-4.49,94198,454,,
557385,238.1,13440.2119,-4.92,94457,436,,
557887,234.5,13467.7861,-3.97,94701,453,,
558183,229.7,13494.8799,-2.76,94963,442,,
558393,230.2,13519.9131,-4.46,95236,435,,
558929,230.3,13545.542,-3.88,95488,453,,
559461,228.3,13572.4082,-4.83,95759,464,,
559972,231.6,13600.4316,-4.98,96021,486,,
560459,231.9,13629.2363,-5.06,96298,479,,
560930,234.6,13658.3955,-5.03,96557,495,,
561309,234.1,13686.9766,-4.18,96826,501,,
561846,240.1,13714.5898,-4.78,97085,491,,
562272,242.3,13742.3896,-4.43,97346,487,,
562690,245.7,13770.2178,-3.06,97622,505,,
563115,245.8,13796.3457,-5.07,97884,506,,
563517,247.6,13822.4404,-3.15,98145,511,,
563918,251.4,13848.4473,-4.6,98393,512,,
564311,252.4,13875.4268,-4.68,98666,524,,
564699,252.6,13903.4229,-4.23,98942,526,,
565077,251.4,13929.7461,-3.49,99223,526,,
565466,253.7,13955.624,-2.82,99492,525,,
565851,254.3,13978.9863,-2.64,99755,530,,
566233,253.9,14002.4414,-3.24,100024,530,,
566619,254.5,14027.6934,-3.98,100329,547,,
567007,253.2,14053.2969,-4.05,100619,537,,
567381,253.9,14080.1504,-4.48,100899,547,,
567777,252.8,14106.1699,-3.27,101169,538,,
568167,253,14131.2773,-2.71,101431,542,,
568556,250.2,14155.6436,-3,101691,511,,
568946,251.3,14179.5664,-3.43,102022,491,,
569331,250,14204.5215,-4.14,102245,509,,
569728,251.3,14229.9482,-1.02,102542,472,,
570139,251.8,14251.6855,-1.93,102843,470,,
570548,251.8,14272.6641,-2.16,103157,498,,
570955,249.6,14294.8633,-2.69,103458,515,,
571367,251.6,14317.7021,-2.5,103787,559,,
571775,250.3,14340.8975,-2.96,104104,573,,
572190,246.3,14364.3115,-2.52,104420,581,,
572619,247.7,14390.0684,-5.32,104724,602,,
573037,249.2,14417.127,-3.78,105034,596,,
573462,248.7,14441.9443,-2.71,105364,572,,
573902,251.8,14466.5557,-4.17,105699,618,,
574353,251.9,14493.4365,-4.17,105992,601,,
574803,252.1,14520.1777,-3.55,106276,595,,
575265,248.9,14546.5146,-4.59,106548,591,,
575730,252.5,14573.5322,-4.2,106849,483,,
576222,252.9,14601.2031,-5.42,107157,445,,
576723,251.3,14630.5674,-4.94,107480,460,,
577242,251.3,14659.8857,-4.22,107818,464,,
577769,251.1,14687.8242,-5.03,108185,475,,
578305,249.1,14715.834,-4.44,108577,486,,
578857,252.9,14743.9121,-3.62,108962,508,,
579435,251.5,14770.2705,-4.04,109311,495,,
579821,244.1,14796.4482,-4.29,109649,509,,
580019,243.8,14823.0586,-3.62,109993,502,,
580400,236.2,14849.6504,-4.02,110330,505,,
580695,230.3,14876.2168,-4.25,110670,492,,
581160,225.2,14904.249,-5.52,110982,496,,
581507,219.4,14933.3652,-2.3,111309,473,,
582000,215.4,14958.7334,-4.54,111649,474,,
582391,209.9,14984.2314,-5.1,111985,456,,
583034,206.7,15013.6973,-5.09,112311,455,,
583413,210.6,15042.25,-4.05,112633,464,,
586406,224,15069.832,-4.17,112953,467,,
586893,226,15097.373,-4.5,113334,451,,
587647,234.4,15124.9482,-4.36,113596,471,,
588034,238.8,15152.917,-4.76,113887,471,,
588716,246.3,15181.5762,-5.16,114456,473,,
589224,250.2,15211.252,-5.72,114729,474,,
589868,248.1,15242.0713,-5.47,115002,472,,
590335,243.6,15273.1592,-5.66,115265,501,,
590893,237.4,15304.2441,-5.51,115536,496,,
592279,225.7,15335.3877,-5.74,115813,501,,
592697,229.4,15366.4971,-5.7,116073,495,,
593415,233.2,15397.4355,-4.75,116338,504,,
593870,238.1,15427.1318,-5.11,116599,528,,
594639,238,15456.5674,-5.35,116842,544,,
595189,232.9,15487.4111,-6.01,117095,533,,
595950,221.2,15518.2646,-5.19,117340,546,,
596515,216.4,15549.1982,-6.37,117816,548,,
597443,216.3,15581.1982,-4.8,118036,545,,
597966,219,15612.0059,-5.39,118269,579,,
598833,226,15641.9473,-5.25,118509,565,,
599434,229.4,15672.4775,-5.61,118744,578,,
600882,232.5,15703.0625,-5.32,118963,579,,
602278,237.9,15733.7461,-5.62,119240,591,,
603673,239.1,15765.1611,-5.82,119412,567,,
605076,244.5,15797.1064,-6.18,119629,571,,
606374,248.5,15829.6992,-5.39,119842,566,,
607708,254.6,15861.7119,-6.66,120070,576,,
608929,259.2,15894.1484,-5.91,120273,568,,
610136,257.7,15927.0967,-5.96,120497,591,,
611319,259.6,15959.8936,-6.46,120713,613,,
612514,258,15993.8545,-6.9,120915,598,,
613709,256,16028.6016,-6.76,121123,601,,
614923,252.5,16063.3047,-5.94,121334,613,,
616227,252.4,16096.1738,-6.1,121536,610,,
617544,252.3,16128.8203,-6.07,121742,603,,
618955,247.9,16161.6318,-6.22,121947,609,,
620338,245.4,16195.9795,-7.41,122161,607,,
621760,243,16230.9004,-6.44,122357,608,,
623214,238.6,16265.7949,-6.12,122555,599,,
624690,237.3,16299.1855,-6.76,122767,607,,
625570,234.3,16333.9238,-6.79,123003,607,,
626215,227.8,16368.9844,-6.75,123182,608,,
627211,214.9,16404.127,-6.86,123388,615,,
627999,205,16440.2832,-8.15,123589,616,,
629446,198.7,16478.1836,-7.05,123800,611,,
630295,199.9,16515.8105,-7.44,123998,614,,
632001,199.5,16552.6055,-7.15,124193,621,,
632856,195.6,16589.1406,-6.82,124390,622,,
634592,192.1,16626.293,-8.83,124654,632,,
635489,193.9,16665.4121,-7.37,124822,627,,
636957,193,16705.0781,-8.21,125021,642,,
638127,194.3,16744.416,-8.11,125225,642,,
639848,187.7,16784.4961,-8.23,125436,647,,
640760,189.1,16825.2012,-9,125634,656,,
642405,190.2,16867.3789,-7.74,125865,658,,
643204,190.4,16907.0547,-7.8,126059,650,,
644662,194.1,16946.5059,-8.38,126272,660,,
645470,194.6,16986.0293,-7.38,126487,640,,
646723,188.6,17024.6406,-8.66,126679,651,,
647588,190.5,17066.1973,-7.4,126856,650,,
648946,192.1,17105.4863,-9.37,127030,646,,
649598,194.8,17148.0977,-8.5,127228,670,,
650891,187.8,17190.4863,-8.4,127421,677,,
651556,192,17232.6211,-9.11,127596,681,,
652802,185.8,17275.2285,-8.39,127637,679,,
653448,185.3,17317.6758,-9.08,127774,692,,
654473,191.3,17361.4199,-9.54,127933,706,,
655202,193.2,17407.1738,-9.47,128108,715,,
656286,198.4,17452.9473,-9.47,128270,704,,
656882,198.7,17498.7051,-9.7,128423,722,,
657923,191.3,17545.2012,-8.13,128585,726,,
658474,189.2,17586.3848,-8.97,128750,644,,
659524,182.4,17630.1895,-9.74,128921,535,,
660084,183.9,17675.6816,-8.9,129097,537,,
660981,186.6,17719.9141,-8.87,129274,552,,
661650,189.8,17764.0391,-9.54,129445,551,,
662669,187.8,17809.8027,-9.82,129629,531,,
663206,189,17856.7402,-9.64,129806,515,,
664192,189.1,17903.1504,-9.21,130011,512,,
664690,185.8,17948.5273,-9.25,130233,499,,
665645,178.2,17993.2168,-8.94,130409,521,,
666174,178.5,18037.4648,-9.18,130640,518,,
666995,172.7,18082.2305,-9.45,130875,487,,
667569,171.6,18128.0039,-9.41,131113,493,,
668447,175.6,18173.834,-9.36,131351,494,,
668934,178.5,18219.4805,-9.51,131624,479,,
669751,185.5,18265.7422,-9.4,131906,456,,
670176,189.3,18311.7812,-10.35,132208,461,,
670916,192.6,18361.4863,-8.67,132546,462,,
671286,194.6,18404.7891,-9.26,132876,460,,
671926,192.5,18449.3281,-8.56,133239,449,,
672386,194.8,18493.4316,-9.92,133603,506,,
673095,198.7,18539.7207,-9.21,133984,428,,
673475,202.3,18585.959,-9.61,134389,436,,
674173,209.2,18632.1836,-9.36,134800,415,,
674521,213.7,18677.9102,-9.02,135302,404,,
675589,220,18723.4492,-9.69,135803,382,,
676170,217.4,18769.0117,-8.84,136372,409,,
676524,214,18815.0078,-10.12,136806,375,,
677068,215.6,18862.0254,-9.34,137525,395,,
677380,217.4,18907.8262,-8.44,137819,395,,
677984,226.5,18952.5684,-10.43,138451,406,,
678291,230,19001.1602,-9.89,138869,368,,
678914,230.8,19048.7832,-8.52,139405,432,,
679252,230.3,19093.1367,-9.54,139971,358,,
679732,223,19139.2227,-9.34,140518,342,,
680081,225,19184.8809,-7.81,141075,349,,
680608,218.4,19225.7441,-9.55,141618,359,,
680920,216.2,19271.8945,-8.91,142167,368,,
681531,217.3,19317.1797,-9.96,142777,375,,
681849,219.7,19364.7051,-9.16,143210,385,,
682446,222.6,19411.0977,-9.75,143799,401,,
682762,221.3,19458.4141,-9.62,144302,401,,
683262,218.7,19506.418,-10.19,144834,375,,
683612,217.5,19555.1719,-9.37,145399,391,,
684142,217.5,19602.9258,-10.19,146029,402,,
684419,219.4,19652.002,-9.93,146433,410,,
684949,219.5,19700.2168,-8.94,147048,421,,
685217,219.7,19745.5742,-8.84,147509,423,,
685716,223.5,19789.5312,-8.53,148034,471,,
685980,224.4,19833.9238,-9.51,148582,428,,
686425,224.3,19880.9395,-10.43,149190,433,,
686726,227.3,19930.5176,-9.81,149636,441,,
687227,228.7,19979.2168,-9.4,150126,404,,
687470,228.8,20025.9492,-9.04,150648,400,,
687949,232.3,20071.9766,-9.46,151183,432,,
688195,233,20117.7188,-8.71,151715,422,,
688652,235.8,20163.3516,-9.79,152361,426,,
688881,234.9,20210.3184,-9.22,152781,413,,
689304,235.8,20257.0957,-9.53,153338,402,,
689603,239.9,20304.3652,-9.69,153922,403,,
690057,235.6,20352.4238,-9.72,154465,393,,
690294,234.8,20401.0352,-10.18,155022,385,,
690771,240,20450.209,-8.92,155565,407,,
690999,234,20495.9707,-8.83,156158,399,,
691432,235.6,20540.707,-9.31,156783,422,,
691672,236.6,20587.1621,-9.49,157431,400,,
692057,235.5,20634.5605,-9.65,157997,410,,
692338,235.9,20682.7129,-9.64,158520,407,,
692765,232.9,20730.7422,-9.03,158998,440,,
692990,234.8,20776.4121,-9.36,159476,407,,
693433,234.1,20823.2305,-9.41,160008,415,,
693639,234.1,20870.3926,-9.47,160611,410,,
694068,235.4,20917.7539,-9.39,161339,424,,
694300,234.4,20965.4648,-10.14,161790,413,,
694672,235.8,21014.8594,-9.25,162321,442,,
694941,236.9,21062.2578,-9.52,162846,411,,
695383,236.7,21109.1543,-8.74,163365,417,,
695618,237.6,21154.6133,-9.06,163974,393,,
696062,234.6,21201.1387,-10.02,164549,384,,
696287,234.8,21250.2695,-10.04,165148,424,,
696717,235.4,21299.6152,-9.2,165733,433,,
696963,232.9,21346.3184,-8.59,166310,449,,
697331,232.4,21390.1914,-7.92,166907,479,,
697660,232.2,21434.5781,-10.1,167490,495,,
698120,231,21482.3066,-9.71,168011,496,,
698386,228,21530.7148,-8.9,168492,445,,
698880,226.4,21577.6777,-9.64,169001,478,,
699102,227.7,21625.9883,-10.12,169553,442,,
699633,227.6,21675.7695,-9.57,170163,448,,
699909,226,21724.0586,-8.96,170766,484,,
700389,228.7,21770.1602,-8.72,171347,480,,
700744,227.6,21814.9258,-8.47,172430,433,,
701242,228.2,21859.1855,-9.42,173139,456,,
701606,228.8,21906.5254,-9.14,173633,427,,
702158,229.3,21953.1992,-9.6,174186,457,,
702381,230.3,22001.8184,-9.45,174739,471,,
702988,232.4,22049.8418,-9.82,175341,466,,
703384,232.8,22099.4609,-9.98,176029,499,,
703934,231.2,22149.8496,-9.67,176674,547,,
704211,231.2,22198.8359,-8.81,177251,550,,
704973,233.9,22244.4902,-10.04,177778,542,,
705410,228.5,22295.082,-9.91,178421,479,,
706141,228.6,22345.2188,-8.36,178919,483,,
706409,228.1,22389.1641,-9.14,179577,452,,
709680,219.7,22435.8457,-9.41,180220,490,,
710237,220.2,22483.2734,-8.74,181019,496,,
711104,218.9,22529.3027,-9.22,181564,496,,
711421,218.7,22576.7812,-9.92,182273,528,,
712833,218.5,22625.6934,-9,182915,530,,
713843,222.3,22673.793,-9.98,183716,532,,
714288,221.7,22723.0176,-9.36,184208,514,,
715180,217.7,22771.8242,-9.62,184855,476,,
715750,222.1,22820.5059,-9.39,185543,459,,
716704,208.1,22869.25,-9.73,186206,447,,
717065,205,22918.4688,-9.55,186912,437,,
718064,192.9,22967.1543,-9.11,187416,446,,
718779,184.3,23013.8984,-8.43,187931,462,,
719794,187.8,23059.291,-8.84,188497,425,,
720337,195.2,23104.0508,-8.23,189023,423,,
721318,206.3,23148.9297,-8.99,189601,432,,
722039,211.3,23194.9395,-9.19,190259,470,,
723133,213.4,23241.9062,-8.79,191070,471,,
723464,213.2,23288.9629,-10.25,191602,496,,
724445,210.3,23339.7246,-9.36,192100,512,,
725059,206.3,23388.4199,-8.95,192692,503,,
725937,206.6,23435.4512,-9.28,193279,493,,
726322,208.1,23483.0234,-8.69,193915,472,,
727192,204.5,23528.8184,-8.88,194500,488,,
727732,205.5,23575.1562,-9.05,195063,530,,
728568,205.1,23622.0527,-8.64,195605,534,,
728921,205.4,23667.7598,-8.95,196104,548,,
730299,204,23714.5371,-9.29,196616,564,,
730949,204.1,23762.5371,-9.36,197115,589,,
731329,204.9,23811.9004,-10.39,197582,579,,
732141,203.8,23864.0938,-9.95,198036,598,,
732548,205.9,23915.5,-9.62,198465,609,,
733261,203.9,23965.4355,-9.52,198904,668,,
733543,204.4,,,199350,627,,
734223,205.3,,,200348,539,,
734604,207.4,,,200741,530,,
735167,201.7,,,201294,539,,
735459,201.3,,,201659,541,,
736079,204.1,,,202163,466,,
736460,209.7,,,202676,489,,
737034,208.1,,,203252,436,,
737266,211.3,,,203797,493,,
737889,210.6,,,204351,462,,
738272,206.5,,,204886,488,,
738844,200.3,,,205376,490,,
739137,197.8,,,205882,506,,
739842,185,,,206351,487,,
740277,178.9,,,206852,499,,
741021,178.6,,,207340,513,,
741307,176.6,,,207786,504,,
742075,177.9,,,208353,515,,
742558,182.3,,,208713,511,,
743233,181.7,,,209153,532,,
743589,180.4,,,209613,548,,
744354,181.2,,,210053,565,,
744843,182,,,210478,558,,
745836,180.2,,,210904,579,,
746643,183.1,,,211350,593,,
747110,180.8,,,211802,577,,
747759,180.8,,,212261,583,,
748101,180.4,,,212692,586,,
748913,181.4,,,213129,573,,
749401,182.9,,,213588,574,,
750194,184.8,,,214052,591,,
750476,184,,,214519,561,,
751301,186.2,,,214965,569,,
751830,190.1,,,215431,506,,
752605,188,,,215915,457,,
752978,196.5,,,216402,480,,
753984,191.5,,,216940,454,,
754394,195.8,,,217166,443,,
755241,200.5,,,217406,452,,
755495,201.9,,,217642,445,,
756357,206,,,217767,453,,
756871,210.7,,,218168,460,,
757561,215,,,218425,495,,
757962,219.2,,,218683,461,,
758259,215.3,,,218948,469,,
758475,217.6,,,219216,489,,
758883,217.9,,,219493,508,,
759306,214.9,,,219775,538,,
760202,208.8,,,220065,477,,
760500,206.9,,,220376,484,,
761453,206.1,,,220679,491,,
762064,212,,,220988,488,,
762871,216,,,221324,501,,
763319,215,,,221644,495,,
763686,225.7,,,221985,504,,
763934,221.4,,,222288,528,,
764249,224.1,,,222579,519,,
764833,222.6,,,222929,543,,
765735,216.8,,,223266,489,,
766110,215.7,,,223602,464,,
767096,213.5,,,223868,504,,
767737,217.7,,,224332,476,,
768655,222.4,,,224687,496,,
769050,221.4,,,224900,516,,
769514,228.1,,,225906,556,,
769787,226,,,226256,532,,
770133,231.5,,,226537,547,,
770447,235.6,,,226713,547,,
770724,238.2,,,227185,503,,
770994,235.6,,,227532,504,,
771260,237.7,,,227888,491,,
771708,229.5,,,228247,517,,
772076,230.9,,,228592,490,,
773043,230,,,228942,471,,
773680,233.3,,,229261,473,,
774548,236.9,,,229421,464,,
775051,240.5,,,229877,474,,
776037,238.8,,,230181,506,,
776636,243.9,,,230522,456,,
777556,246.3,,,230864,417,,
777900,246.1,,,231210,429,,
778798,245.8,,,231405,431,,
779364,243.9,,,231844,429,,
780268,248.5,,,232135,433,,
780612,242.8,,,232434,440,,
781535,248.7,,,232761,434,,
782059,246.2,,,233053,419,,
783263,252.1,,,233327,429,,
784147,246.9,,,233593,457,,
784692,250.7,,,233874,430,,
785413,253.3,,,234149,426,,
785789,255.4,,,234431,433,,
786587,260.3,,,234681,453,,
787076,256.9,,,234937,519,,
787805,248.1,,,235078,462,,
788033,247.9,,,235427,478,,
788887,229.5,,,235692,499,,
789381,226.3,,,235920,508,,
790153,218.2,,,236101,481,,
790538,221.3,,,236390,512,,
791491,215.4,,,236611,518,,
792081,205.1,,,236862,529,,
792943,204,,,236992,554,,
793260,209,,,237108,543,,
794608,199.4,,,237309,545,,
795202,195.2,,,237432,548,,
796467,189.3,,,237765,539,,
797099,188.4,,,237874,565,,
798512,191,,,237981,557,,
,,,,238109,554,,
,,,,238318,566,,
,,,,238415,550,,
,,,,238641,549,,
,,,,238754,588,,
,,,,238848,549,,
,,,,238948,559,,
,,,,239049,565,,
,,,,239154,579,,
,,,,239268,564,,
,,,,239490,566,,
,,,,239574,577,,
,,,,239661,562,,
,,,,239835,594,,
,,,,239934,597,,
,,,,240027,592,,
,,,,240213,601,,
,,,,240303,606,,
,,,,240391,599,,
,,,,240579,609,,
,,,,240671,616,,
,,,,240761,616,,
,,,,240937,611,,
,,,,241025,627,,
,,,,241104,623,,
,,,,241279,641,,
,,,,241378,661,,
,,,,241617,648,,
,,,,241690,667,,
,,,,241754,653,,
,,,,241907,673,,
,,,,241977,696,,
,,,,242046,680,,
,,,,242198,594,,
,,,,242278,523,,
,,,,242356,539,,
,,,,242510,521,,
,,,,242597,515,,
,,,,242673,519,,
,,,,242833,525,,
,,,,242923,542,,
,,,,243346,538,,
,,,,243438,558,,
,,,,243706,546,,
,,,,243922,541,,
,,,,244155,528,,
,,,,244385,528,,
,,,,244610,523,,
,,,,244850,519,,
,,,,245080,502,,
,,,,245222,503,,
,,,,245595,494,,
,,,,245884,475,,
,,,,246193,486,,
,,,,246532,513,,
,,,,246884,508,,
,,,,247073,545,,
,,,,247563,525,,
,,,,247861,525,,
,,,,248038,540,,
,,,,248528,473,,
,,,,248851,466,,
,,,,249179,408,,
,,,,249546,410,,
,,,,249907,413,,
,,,,250261,408,,
,,,,250620,432,,
,,,,251732,401,,
,,,,252157,395,,
,,,,252542,396,,
,,,,252930,401,,
,,,,253301,398,,
,,,,253688,426,,
,,,,253909,427,,
,,,,254442,420,,
,,,,254787,405,,
,,,,255154,442,,
,,,,255547,422,,
,,,,255966,448,,
,,,,256300,475,,
,,,,256693,466,,
,,,,257078,483,,
,,,,257440,465,,
,,,,257622,450,,
,,,,258163,493,,
,,,,258512,510,,
,,,,258891,496,,
,,,,259279,430,,
,,,,259671,473,,
,,,,260017,451,,
,,,,260406,434,,
,,,,260799,456,,
,,,,261157,452,,
,,,,261559,424,,
,,,,261948,443,,
,,,,262337,480,,
,,,,262745,482,,
,,,,263141,509,,
,,,,263462,462,,
,,,,263843,414,,
,,,,264223,417,,
,,,,264595,398,,
,,,,264978,415,,
,,,,265369,412,,
,,,,265793,422,,
,,,,266230,417,,
,,,,266629,384,,
,,,,267068,425,,
,,,,267517,414,,
,,,,267955,418,,
,,,,268396,454,,
,,,,268848,423,,
,,,,269298,454,,
,,,,269543,439,,
,,,,270202,460,,
,,,,270648,441,,
,,,,271117,458,,
,,,,271607,453,,
,,,,271832,445,,
,,,,272512,470,,
,,,,272783,451,,
,,,,273503,483,,
,,,,273948,467,,
,,,,274416,463,,
,,,,274884,475,,
,,,,275358,455,,
,,,,275824,479,,
,,,,276270,504,,
,,,,276674,467,,
,,,,277101,452,,
,,,,277549,480,,
,,,,277795,466,,
,,,,278456,428,,
,,,,278710,438,,
,,,,279313,420,,
,,,,279768,463,,
,,,,280147,455,,
,,,,280346,473,,
,,,,280893,462,,
,,,,281302,448,,
,,,,281732,457,,
,,,,282121,468,,
,,,,282511,425,,
,,,,282891,453,,
,,,,283253,471,,
,,,,283611,499,,
,,,,283986,509,,
,,,,284366,465,,
,,,,284733,477,,
,,,,285070,457,,
,,,,285431,470,,
,,,,285789,486,,
,,,,286136,495,,
,,,,286495,500,,
,,,,286838,507,,
,,,,287159,520,,
,,,,287495,529,,
,,,,287827,514,,
,,,,288126,521,,
,,,,288482,511,,
,,,,288833,532,,
,,,,289191,530,,
,,,,289525,531,,
,,,,289851,547,,
,,,,290168,524,,
,,,,291229,454,,
,,,,291633,459,,
,,,,292029,448,,
,,,,292388,453,,
,,,,292768,444,,
,,,,292959,454,,
,,,,293626,482,,
,,,,293866,521,,
,,,,294534,489,,
,,,,294795,501,,
,,,,295458,552,,
,,,,295665,564,,
,,,,296258,587,,
,,,,296466,524,,
,,,,297060,488,,
,,,,297265,505,,
,,,,297945,467,,
,,,,298185,491,,
,,,,298893,519,,
,,,,299091,518,,
,,,,299738,496,,
,,,,300122,518,,
,,,,300322,520,,
,,,,300921,459,,
,,,,301142,487,,
,,,,301824,453,,
,,,,302056,453,,
,,,,302617,456,,
,,,,302848,462,,
,,,,303432,466,,
,,,,303637,477,,
,,,,304262,491,,
,,,,304472,490,,
,,,,305047,498,,
,,,,305237,505,,
,,,,305802,451,,
,,,,306004,449,,
,,,,306638,459,,
,,,,306869,485,,
,,,,307556,459,,
,,,,307795,466,,
,,,,308450,478,,
,,,,308670,509,,
,,,,309322,467,,
,,,,309560,460,,
,,,,310196,461,,
,,,,310433,493,,
,,,,311027,470,,
,,,,311233,517,,
,,,,311862,515,,
,,,,312051,516,,
,,,,312673,522,,
,,,,312870,540,,
,,,,313386,548,,
,,,,313551,568,,
,,,,314110,553,,
,,,,314298,634,,
,,,,314855,618,,
,,,,315045,606,,
,,,,315565,598,,
,,,,315763,635,,
,,,,316289,607,,
,,,,316472,515,,
,,,,317027,465,,
,,,,317230,459,,
,,,,317801,445,,
,,,,318009,480,,
,,,,318620,481,,
,,,,318837,479,,
,,,,319461,478,,
,,,,319665,480,,
,,,,320268,498,,
,,,,320472,503,,
,,,,321023,521,,
,,,,321214,529,,
,,,,321731,519,,
,,,,321910,528,,
,,,,322406,519,,
,,,,322576,533,,
,,,,323064,544,,
,,,,323228,557,,
,,,,323672,593,,
,,,,323813,568,,
,,,,324241,580,,
,,,,324409,590,,
,,,,324841,612,,
,,,,324997,617,,
,,,,325417,626,,
,,,,325555,644,,
,,,,325950,633,,
,,,,326098,635,,
,,,,326487,611,,
,,,,326623,634,,
,,,,327027,644,,
,,,,327169,654,,
,,,,327563,642,,
,,,,327701,662,,
,,,,328082,657,,
,,,,328742,669,,
,,,,329179,636,,
,,,,329326,658,,
,,,,329727,643,,
,,,,329870,663,,
,,,,330242,621,,
,,,,330381,637,,
,,,,330755,615,,
,,,,330900,637,,
,,,,331288,636,,
,,,,331425,649,,
,,,,331782,673,,
,,,,332040,721,,
,,,,332149,726,,
,,,,332457,738,,
,,,,332576,776,,
,,,,332875,798,,
,,,,332988,797,,
,,,,333284,599,,
,,,,333504,590,,
,,,,333718,604,,
,,,,333839,607,,
,,,,334144,631,,
,,,,334286,652,,
,,,,334637,581,,
,,,,334778,597,,
,,,,335162,570,,
,,,,335310,566,,
,,,,335748,537,,
,,,,335946,531,,
,,,,336443,496,,
,,,,336652,504,,
,,,,337187,486,,
,,,,337414,486,,
,,,,338101,453,,
,,,,338565,445,,
,,,,338607,445,,
,,,,339122,465,,
,,,,339397,460,,
,,,,340210,449,,
,,,,340526,439,,
,,,,341491,395,,
,,,,341840,394,,
,,,,342836,370,,
,,,,343421,366,,
,,,,344111,375,,
,,,,344483,368,,
,,,,345351,374,,
,,,,345679,389,,
,,,,346608,391,,
,,,,347204,417,,
,,,,347852,403,,
,,,,348173,421,,
,,,,349046,459,,
,,,,349346,407,,
,,,,350169,392,,
,,,,350456,402,,
,,,,351426,414,,
,,,,351759,403,,
,,,,352646,397,,
,,,,353222,405,,
,,,,353844,395,,
,,,,354536,406,,
,,,,355205,403,,
,,,,355842,404,,
,,,,356504,420,,
,,,,357194,435,,
,,,,357857,431,,
,,,,358574,417,,
,,,,359202,418,,
,,,,359863,456,,
,,,,360513,415,,
,,,,361222,420,,
,,,,361842,466,,
,,,,362441,433,,
,,,,363043,487,,
,,,,363649,413,,
,,,,364269,449,,
,,,,364942,416,,
,,,,365577,460,,
,,,,366206,416,,
,,,,366850,403,,
,,,,367431,460,,
,,,,368074,422,,
,,,,368738,422,,
,,,,369324,444,,
,,,,369917,518,,
,,,,370497,508,,
,,,,371134,491,,
,,,,371763,502,,
,,,,372328,523,,
,,,,372893,540,,
,,,,373467,451,,
,,,,374092,445,,
,,,,374785,426,,
,,,,375451,426,,
,,,,376106,433,,
,,,,376706,445,,
,,,,377330,442,,
,,,,379119,494,,
,,,,379707,485,,
,,,,380256,548,,
,,,,380863,544,,
,,,,381423,548,,
,,,,381955,601,,
,,,,382547,587,,
,,,,383125,482,,
,,,,383713,536,,
,,,,384291,561,,
,,,,384857,553,,
,,,,385452,577,,
,,,,386030,594,,
,,,,386615,637,,
,,,,387178,531,,
,,,,387768,463,,
,,,,388422,452,,
,,,,389115,472,,
,,,,389771,568,,
,,,,390390,525,,
,,,,390975,506,,
,,,,391532,488,,
,,,,392145,489,,
,,,,392666,498,,
,,,,393193,485,,
,,,,393699,562,,
,,,,394196,550,,
,,,,394677,594,,
,,,,395128,585,,
,,,,395554,603,,
,,,,396057,594,,
,,,,396524,602,,
,,,,396914,590,,
,,,,397339,605,,
,,,,397761,600,,
,,,,398175,612,,
,,,,398595,608,,
,,,,399020,593,,
,,,,399415,580,,
,,,,399808,607,,
,,,,400204,607,,
,,,,400592,662,,
,,,,400979,628,,
,,,,401336,627,,
,,,,401709,633,,
,,,,402090,646,,
,,,,402455,642,,
,,,,402816,640,,
,,,,403179,653,,
,,,,403552,681,,
,,,,403901,664,,
,,,,404254,674,,
,,,,404665,661,,
,,,,405009,663,,
,,,,405368,659,,
,,,,405728,700,,
,,,,406069,708,,
,,,,406453,672,,
,,,,406823,691,,
,,,,407172,736,,
,,,,407544,710,,
,,,,407909,681,,
,,,,408310,695,,
,,,,408690,711,,
,,,,409065,714,,
,,,,409474,699,,
,,,,409870,710,,
,,,,410307,713,,
,,,,410739,701,,
,,,,411171,694,,
,,,,411611,700,,
,,,,412062,712,,
,,,,412582,659,,
,,,,413067,656,,
,,,,413561,690,,
,,,,414032,696,,
,,,,414576,677,,
,,,,415082,638,,
,,,,415568,639,,
,,,,415785,620,,
,,,,416037,623,,
,,,,416260,630,,
,,,,416571,633,,
,,,,417082,634,,
,,,,417257,671,,
,,,,417568,647,,
,,,,417763,668,,
,,,,418105,635,,
,,,,418316,658,,
,,,,418622,660,,
,,,,418890,655,,
,,,,419366,665,,
,,,,419675,687,,
,,,,419876,674,,
,,,,420241,695,,
,,,,420446,678,,
,,,,420742,699,,
,,,,421356,703,,
,,,,421565,684,,
,,,,421981,689,,
,,,,422157,672,,
,,,,422546,689,,
,,,,423019,660,,
,,,,423351,649,,
,,,,423826,622,,
,,,,424216,598,,
,,,,424408,604,,
,,,,424716,618,,
,,,,424884,605,,
,,,,424967,584,,
,,,,425174,498,,
,,,,425229,503,,
,,,,425613,508,,
,,,,426027,457,,
,,,,426397,463,,
,,,,426613,459,,
,,,,427082,465,,
,,,,427385,412,,
,,,,427851,418,,
,,,,428779,472,,
,,,,429133,406,,
,,,,429789,382,,
,,,,430033,380,,
,,,,430798,385,,
,,,,431194,394,,
,,,,431914,389,,
,,,,433070,392,,
,,,,434102,381,,
,,,,435315,381,,
,,,,436463,385,,
,,,,437658,395,,
,,,,438431,392,,
,,,,440096,405,,
,,,,440670,400,,
,,,,441876,438,,
,,,,443067,439,,
,,,,443533,439,,
,,,,444186,491,,
,,,,444582,427,,
,,,,445223,409,,
,,,,445762,452,,
,,,,446579,474,,
,,,,446931,506,,
,,,,447614,427,,
,,,,448688,389,,
,,,,449912,381,,
,,,,451101,384,,
,,,,452199,403,,
,,,,453424,426,,
,,,,453892,486,,
,,,,454686,468,,
,,,,455240,434,,
,,,,456011,412,,
,,,,457424,408,,
,,,,458891,398,,
,,,,460160,409,,
,,,,460717,424,,
,,,,461547,521,,
,,,,462090,463,,
,,,,462847,491,,
,,,,464250,448,,
,,,,465669,442,,
,,,,467070,491,,
,,,,467677,491,,
,,,,468380,430,,
,,,,469423,443,,
,,,,470473,482,,
,,,,471612,482,,
,,,,472626,440,,
,,,,473674,456,,
,,,,474732,475,,
,,,,475784,504,,
,,,,476772,517,,
,,,,477675,528,,
,,,,478702,496,,
,,,,479710,531,,
,,,,480085,504,,
,,,,480637,492,,
,,,,481552,504,,
,,,,482408,507,,
,,,,483277,516,,
,,,,484106,544,,
,,,,484920,543,,
,,,,485717,569,,
,,,,486455,583,,
,,,,487220,583,,
,,,,487933,615,,
,,,,488643,624,,
,,,,489384,588,,
,,,,490115,558,,
,,,,490830,584,,
,,,,491606,534,,
,,,,492388,501,,
,,,,493162,500,,
,,,,493943,517,,
,,,,494738,496,,
,,,,495513,514,,
,,,,496272,522,,
,,,,497010,516,,
,,,,497773,506,,
,,,,498527,509,,
,,,,499276,499,,
,,,,500018,496,,
,,,,500777,512,,
,,,,501571,522,,
,,,,502249,517,,
,,,,503038,515,,
,,,,503805,549,,
,,,,504480,566,,
,,,,505155,524,,
,,,,505949,579,,
,,,,506692,601,,
,,,,507400,573,,
,,,,508115,582,,
,,,,508907,557,,
,,,,509665,533,,
,,,,510442,520,,
,,,,511190,495,,
,,,,511926,487,,
,,,,512667,486,,
,,,,513397,488,,
,,,,514118,496,,
,,,,514805,507,,
,,,,515495,519,,
,,,,515758,483,,
,,,,516129,477,,
,,,,516404,501,,
,,,,516772,508,,
,,,,517417,507,,
,,,,518045,512,,
,,,,518672,499,,
,,,,520597,524,,
,,,,521261,522,,
,,,,521905,535,,
,,,,522590,516,,
,,,,523317,534,,
,,,,524078,518,,
,,,,524823,534,,
,,,,525585,538,,
,,,,526314,541,,
,,,,527090,529,,
,,,,527878,518,,
,,,,528194,520,,
,,,,528701,464,,
,,,,529574,441,,
,,,,530569,450,,
,,,,531630,420,,
,,,,532716,422,,
,,,,533851,458,,
,,,,534918,449,,
,,,,536138,490,,
,,,,537238,497,,
,,,,537729,467,,
,,,,538410,448,,
,,,,538935,415,,
,,,,539619,400,,
,,,,540796,391,,
,,,,541980,408,,
,,,,543191,405,,
,,,,544348,427,,
,,,,545449,418,,
,,,,546657,409,,
,,,,547534,390,,
,,,,548537,434,,
,,,,549454,456,,
,,,,550303,472,,
,,,,551097,477,,
,,,,551938,491,,
,,,,552320,443,,
,,,,552680,431,,
,,,,553319,471,,
,,,,553966,501,,
,,,,554580,519,,
,,,,555123,557,,
,,,,555614,578,,
,,,,556118,575,,
,,,,556728,531,,
,,,,557173,496,,
,,,,557673,443,,
,,,,558177,443,,
,,,,558695,468,,
,,,,559240,492,,
,,,,559761,501,,
,,,,560241,516,,
,,,,560450,511,,
,,,,560922,464,,
,,,,561403,484,,
,,,,561642,486,,
,,,,562088,497,,
,,,,562499,495,,
,,,,562919,532,,
,,,,563344,529,,
,,,,563731,554,,
,,,,564135,550,,
,,,,564522,579,,
,,,,564909,581,,
,,,,565285,589,,
,,,,565685,577,,
,,,,566058,627,,
,,,,566451,618,,
,,,,566839,626,,
,,,,567218,620,,
,,,,567592,603,,
,,,,567987,615,,
,,,,568380,613,,
,,,,568771,589,,
,,,,569159,590,,
,,,,569548,589,,
,,,,569947,588,,
,,,,570369,580,,
,,,,570766,597,,
,,,,571179,594,,
,,,,571602,610,,
,,,,572001,604,,
,,,,572425,614,,
,,,,572849,612,,
,,,,573262,613,,
,,,,573699,598,,
,,,,574147,620,,
,,,,574596,605,,
,,,,575047,600,,
,,,,575523,581,,
,,,,575989,589,,
,,,,576503,584,,
,,,,577002,597,,
,,,,577533,579,,
,,,,578050,602,,
,,,,578592,602,,
,,,,579149,618,,
,,,,579738,609,,
,,,,579954,521,,
,,,,580323,505,,
,,,,581064,484,,
,,,,581974,488,,
,,,,582906,482,,
,,,,586367,470,,
,,,,587546,451,,
,,,,588615,468,,
,,,,589836,480,,
,,,,590380,428,,
,,,,592154,483,,
,,,,593338,510,,
,,,,594462,539,,
,,,,595109,463,,
,,,,595900,448,,
,,,,597274,465,,
,,,,597934,496,,
,,,,598795,544,,
,,,,600231,534,,
,,,,601645,542,,
,,,,603066,526,,
,,,,604462,503,,
,,,,605857,533,,
,,,,607155,538,,
,,,,608425,578,,
,,,,608891,577,,
,,,,609587,583,,
,,,,610789,593,,
,,,,611955,620,,
,,,,613170,601,,
,,,,614353,620,,
,,,,615580,617,,
,,,,616953,611,,
,,,,618346,604,,
,,,,619680,602,,
,,,,621047,609,,
,,,,621696,627,,
,,,,622576,661,,
,,,,623180,618,,
,,,,624017,572,,
,,,,624596,573,,
,,,,625471,478,,
,,,,626020,474,,
,,,,627026,386,,
,,,,629090,356,,
,,,,631745,376,,
,,,,634297,361,,
,,,,636877,373,,
,,,,639599,373,,
,,,,642439,369,,
,,,,643184,386,,
,,,,644475,429,,
,,,,646656,429,,
,,,,648892,426,,
,,,,650677,414,,
,,,,652655,409,,
,,,,654481,397,,
,,,,656091,414,,
,,,,656807,398,,
,,,,657745,344,,
,,,,659404,359,,
,,,,661034,402,,
,,,,662524,384,,
,,,,664034,414,,
,,,,666218,376,,
,,,,666980,374,,
,,,,667590,365,,
,,,,668326,385,,
,,,,668792,390,,
,,,,669629,396,,
,,,,670915,489,,
,,,,671000,483,,
,,,,671226,439,,
,,,,671924,462,,
,,,,672332,471,,
,,,,673063,529,,
,,,,673438,512,,
,,,,674114,562,,
,,,,674408,564,,
,,,,675109,554,,
,,,,675540,551,,
,,,,676156,536,,
,,,,676548,455,,
,,,,676973,466,,
,,,,677292,464,,
,,,,677864,491,,
,,,,678186,495,,
,,,,678832,494,,
,,,,679099,500,,
,,,,679196,544,,
,,,,679736,460,,
,,,,680111,446,,
,,,,680556,466,,
,,,,680846,490,,
,,,,681417,482,,
,,,,681772,486,,
,,,,682389,505,,
,,,,682653,523,,
,,,,682727,543,,
,,,,683260,494,,
,,,,683567,498,,
,,,,684055,499,,
,,,,684386,504,,
,,,,684862,520,,
,,,,685699,508,,
,,,,685925,514,,
,,,,686391,521,,
,,,,686687,523,,
,,,,687424,538,,
,,,,687886,529,,
,,,,688154,527,,
,,,,688585,538,,
,,,,688848,542,,
,,,,689296,557,,
,,,,689559,540,,
,,,,689983,555,,
,,,,690280,549,,
,,,,690707,561,,
,,,,691366,584,,
,,,,691622,568,,
,,,,692035,570,,
,,,,692303,557,,
,,,,692700,596,,
,,,,692956,602,,
,,,,693366,590,,
,,,,694005,615,,
,,,,694263,629,,
,,,,694649,639,,
,,,,694905,635,,
,,,,695299,652,,
,,,,695571,632,,
,,,,695980,647,,
,,,,696229,643,,
,,,,696643,645,,
,,,,696918,624,,
,,,,697608,604,,
,,,,698047,605,,
,,,,698274,588,,
,,,,699132,604,,
,,,,699557,594,,
,,,,699872,566,,
,,,,700346,581,,
,,,,700665,578,,
,,,,701203,595,,
,,,,701531,571,,
,,,,702052,584,,
,,,,702463,594,,
,,,,702918,605,,
,,,,703327,582,,
,,,,703876,593,,
,,,,704208,588,,
,,,,704861,602,,
,,,,705337,585,,
,,,,705977,610,,
,,,,706402,610,,
,,,,707153,519,,
,,,,707599,505,,
,,,,708370,512,,
,,,,708854,521,,
,,,,709631,611,,
,,,,709759,568,,
,,,,710141,556,,
,,,,710951,591,,
,,,,711569,573,,
,,,,712365,588,,
,,,,713010,597,,
,,,,713738,593,,
,,,,714189,577,,
,,,,715115,570,,
,,,,715650,531,,
,,,,716463,435,,
,,,,717195,399,,
,,,,717963,403,,
,,,,718635,392,,
,,,,719642,408,,
,,,,720533,401,,
,,,,721258,491,,
,,,,721921,515,,
,,,,722972,566,,
,,,,723688,560,,
,,,,724373,581,,
,,,,724920,478,,
,,,,725869,561,,
,,,,726495,504,,
,,,,727180,541,,
,,,,727707,531,,
,,,,728453,559,,
,,,,728873,530,,
,,,,729754,551,,
,,,,730243,545,,
,,,,731027,538,,
,,,,731442,512,,
,,,,732146,537,,
,,,,732461,521,,
,,,,733159,525,,
,,,,733648,530,,
,,,,734194,519,,
,,,,734588,520,,
,,,,735101,531,,
,,,,735524,518,,
,,,,736057,541,,
,,,,736413,546,,
,,,,736923,561,,
,,,,737286,542,,
,,,,737822,508,,
,,,,738130,423,,
,,,,738819,407,,
,,,,739273,408,,
,,,,739810,403,,
,,,,740212,411,,
,,,,740868,414,,
,,,,741423,388,,
,,,,742071,409,,
,,,,742503,402,,
,,,,743207,422,,
,,,,743706,439,,
,,,,744312,422,,
,,,,744774,421,,
,,,,745472,432,,
,,,,746005,415,,
,,,,746603,428,,
,,,,747050,402,,
,,,,747716,405,,
,,,,748233,392,,
,,,,748870,409,,
,,,,749320,378,,
,,,,750045,400,,
,,,,750603,408,,
,,,,751254,428,,
,,,,751755,401,,
,,,,752568,431,,
,,,,754020,410,,
,,,,754349,406,,
,,,,755140,429,,
,,,,755615,445,,
,,,,756321,419,,
,,,,756786,439,,
,,,,756995,473,,
,,,,757216,480,,
,,,,757508,505,,
,,,,758000,498,,
,,,,758143,498,,
,,,,758382,486,,
,,,,758817,421,,
,,,,759200,434,,
,,,,760015,462,,
,,,,760636,454,,
,,,,761574,473,,
,,,,762039,474,,
,,,,762827,521,,
,,,,763463,538,,
,,,,763818,556,,
,,,,764143,549,,
,,,,764585,563,,
,,,,764748,518,,
,,,,765084,535,,
,,,,765222,500,,
,,,,765505,470,,
,,,,765886,462,,
,,,,766246,467,,
,,,,767071,519,,
,,,,767621,486,,
,,,,768691,568,,
,,,,769300,570,,
,,,,769580,587,,
,,,,769727,616,,
,,,,770080,622,,
,,,,770294,630,,
,,,,770602,632,,
,,,,770931,647,,
,,,,771205,639,,
,,,,771541,556,,
,,,,771829,543,,
,,,,772014,539,,
,,,,772199,530,,
,,,,772999,566,,
,,,,773632,549,,
,,,,774525,583,,
,,,,775246,577,,
,,,,775994,618,,
,,,,776555,601,,
,,,,777410,658,,
,,,,778032,681,,
,,,,778760,614,,
,,,,779283,598,,
,,,,780095,616,,
,,,,780745,630,,
,,,,781633,633,,
,,,,781957,623,,
,,,,782851,639,,
,,,,783428,618,,
,,,,784108,653,,
,,,,784640,639,,
,,,,785386,686,,
,,,,785960,677,,
,,,,786490,723,,
,,,,786540,739,,
,,,,786649,699,,
,,,,786938,713,,
,,,,787673,659,,
,,,,788123,589,,
,,,,788815,562,,
,,,,789262,543,,
,,,,790038,540,,
,,,,790690,483,,
,,,,791377,503,,
,,,,791995,466,,
,,,,792827,470,,
,,,,793596,451,,
,,,,794400,420,,
,,,,794938,428,,
,,,,796320,418,,
,,,,797277,396,,
,,,,798417,458,,
,,,,799396,399,,
